transactionID,sourceID,destinationID,type,trxType,0,date
TRX-WD-895013,,193847,withdraw,db,50,2024-12-03 04:20 PM
TRX-DP-935106,,193847,deposit,cr,100,2024-12-03 04:20 PM
TRX-DP-659377,,112233,deposit,cr,10,2024-12-03 04:19 PM
TRX-TF-875105,223344,112233,transfer,db,150,2024-12-03 04:16 PM
TRX-TF-875105,112233,223344,transfer,cr,150,2024-12-03 04:16 PM
TRX-WD-566261,,112233,withdraw,db,50,2024-12-03 04:13 PM
TRX-DP-827436,,112233,deposit,cr,100,2024-12-03 04:13 PM
TRX-DP-225598,,112233,deposit,cr,100,2024-12-03 04:13 PM
TRX-DP-686433,,112233,deposit,cr,10,2024-12-03 04:12 PM
